Id,Title,Content,Created at,Updated at
37,title2,hellotho,2020-09-24 13:04:59 UTC,2020-09-24 13:04:59 UTC
36,title1,iamcontent,2020-09-24 13:04:59 UTC,2020-09-24 13:04:59 UTC
35,title2,hellotho,2020-09-24 12:58:25 UTC,2020-09-24 12:58:25 UTC
34,title1,iamcontent,2020-09-24 12:58:25 UTC,2020-09-24 12:58:25 UTC
33,title2,hellotho,2020-09-24 12:57:36 UTC,2020-09-24 12:57:36 UTC
32,title1,iamcontent,2020-09-24 12:57:36 UTC,2020-09-24 12:57:36 UTC
31,title2,hellotho,2020-09-24 12:57:23 UTC,2020-09-24 12:57:23 UTC
30,title1,iamcontent,2020-09-24 12:57:23 UTC,2020-09-24 12:57:23 UTC
29,title2,hellotho,2020-09-24 12:43:47 UTC,2020-09-24 12:43:47 UTC
28,title1,iamcontent,2020-09-24 12:43:47 UTC,2020-09-24 12:43:47 UTC
27,title2,hellotho,2020-09-24 12:42:28 UTC,2020-09-24 12:42:28 UTC
26,title1,iamcontent,2020-09-24 12:42:27 UTC,2020-09-24 12:42:27 UTC
25,title2,hellotho,2020-09-24 12:37:50 UTC,2020-09-24 12:37:50 UTC
24,title1,iamcontent,2020-09-24 12:37:50 UTC,2020-09-24 12:37:50 UTC
23,title2,hellotho,2020-09-24 12:32:57 UTC,2020-09-24 12:32:57 UTC
22,title1,iamcontent,2020-09-24 12:32:57 UTC,2020-09-24 12:32:57 UTC
21,title2,hellotho,2020-09-24 08:50:57 UTC,2020-09-24 08:50:57 UTC
20,title1,iamcontent,2020-09-24 08:50:57 UTC,2020-09-24 08:50:57 UTC
19,title2,hellotho,2020-09-24 08:49:56 UTC,2020-09-24 08:49:56 UTC
18,title1,iamcontent,2020-09-24 08:49:56 UTC,2020-09-24 08:49:56 UTC
17,title2,hellotho,2020-09-24 08:49:20 UTC,2020-09-24 08:49:20 UTC
16,title1,iamcontent,2020-09-24 08:49:20 UTC,2020-09-24 08:49:20 UTC
15,title2,hellotho,2020-09-24 08:48:12 UTC,2020-09-24 08:48:12 UTC
14,title1,iamcontent,2020-09-24 08:48:12 UTC,2020-09-24 08:48:12 UTC
13,title2,hellotho,2020-09-24 08:34:00 UTC,2020-09-24 08:34:00 UTC
12,title1,iamcontent,2020-09-24 08:34:00 UTC,2020-09-24 08:34:00 UTC
11,title2,hellotho,2020-09-24 08:29:34 UTC,2020-09-24 08:29:34 UTC
10,title1,iamcontent,2020-09-24 08:29:33 UTC,2020-09-24 08:29:33 UTC
9,title2,hellotho,2020-09-24 08:14:02 UTC,2020-09-24 08:14:02 UTC
8,title1,iamcontent,2020-09-24 08:14:02 UTC,2020-09-24 08:14:02 UTC
7,hellotho,,2020-09-24 08:03:53 UTC,2020-09-24 08:03:53 UTC
6,iamcontent,,2020-09-24 08:03:53 UTC,2020-09-24 08:03:53 UTC
5,content,,2020-09-24 08:03:53 UTC,2020-09-24 08:03:53 UTC
4,title2,hellotho,2020-09-24 08:01:53 UTC,2020-09-24 08:01:53 UTC
3,title1,iamcontent,2020-09-24 08:01:53 UTC,2020-09-24 08:01:53 UTC
2,admin@123.com,,2020-09-24 07:34:43 UTC,2020-09-24 07:34:43 UTC
1,admin@example.com,,2020-09-24 07:34:43 UTC,2020-09-24 07:34:43 UTC
0,Email,Reset password token,2020-09-24 07:34:43 UTC,2020-09-24 07:34:43 UTC
